[
    {
        "id": "26430231238412835",
        "sender": "92bf6kn",
        "recepient": "8s7df8435cv",
        "dateTime": "2014-06-01T14:37:10.339Z",
        "fee": "100",
        "deadline": "24 hours",
        "amount": "10000",
        "confirmations": "11"
    },
    {
        "id": "26430231238412835",
        "sender": "92bf6kn",
        "recepient": "8s7df8435cv",
        "dateTime": "2014-06-01T14:37:10.339Z",
        "fee": "100",
        "deadline": "24 hours",
        "amount": "10000",
        "confirmations": "11"
    }
]
